{"packs_per_layer": [{"iteration-2": 871}, {"iteration-2": 872}], "best_error_per_layer": [238155.99999999997, 249672.0], "error_per_layer": [{"iteration-0": [742953.0, 238155.99999999997, 668586.0, 668242.0, 664178.0, 1377161.9999999998, 624348.0, 647094.0, 728516.0, 1442660.0, 635230.0, 628298.0, 1415784.0, 671936.0, 605038.0, 693740.0, 623620.0, 1117284.0, 737646.0, 630116.0], "iteration-1": [238155.99999999997, 608346.0, 623620.0, 628298.0, 625854.0, 1442660.0, 693740.0, 1383826.0, 1383826.0, 1391994.0, 1383826.0, 1383826.0, 1383826.0, 668242.0, 683748.0, 1307158.0, 608551.0, 693740.0, 1117284.0, 650778.0], "iteration-2": [238155.99999999997, 608346.0, 623620.0, 628298.0, 625854.0, 668242.0, 1383826.0, 650778.0, 1383826.0, 650778.0, 1383826.0, 1383826.0, 1383826.0, 1383826.0, 1383826.0, 1117284.0, 1117284.0, 1117284.0, 1117284.0, 1383826.0]}, {"iteration-0": [622524.0, 249672.0, 570704.0, 788734.0, 898879.0, 656055.0, 646970.0, 576946.0, 1188722.0, 726826.0, 887135.0, 643083.0, 797042.0, 815712.9999999999, 656696.0, 1138930.0, 1182664.0, 641496.0, 789574.0, 620414.0], "iteration-1": [249672.0, 570704.0, 584098.0, 622524.0, 620414.0, 643083.0, 797042.0, 771357.9999999999, 890539.0000000001, 793576.0, 823462.9999999999, 817580.0, 629970.0, 646970.0, 797042.0, 643083.0, 823462.9999999999, 643083.0, 823462.9999999999, 643083.0], "iteration-2": [249672.0, 570704.0, 584098.0, 622524.0, 620414.0, 643083.0, 823462.9999999999, 781300.0, 823462.9999999999, 790834.0, 823462.9999999999, 823462.9999999999, 629970.0, 793576.0, 797042.0, 823462.9999999999, 629970.0, 823462.9999999999, 797042.0, 629970.0]}], "error_per_layer_pct": [{"iteration-0": [536.4281588447653, 273.4282433983926, 491.6073529411765, 480.05890804597703, 488.36617647058824, 1031.58202247191, 462.1376757957069, 473.36795903438184, 536.4624447717231, 1036.3936781609195, 466.7376928728876, 461.9838235294118, 1035.6869056327726, 494.0705882352941, 453.2119850187266, 498.3764367816092, 460.91648189209167, 802.6465517241379, 542.3867647058823, 465.71766444937174], "iteration-1": [273.4282433983926, 454.32860343539954, 460.91648189209167, 461.9838235294118, 462.90976331360946, 1036.3936781609195, 498.3764367816092, 1031.9358687546608, 1031.9358687546608, 1032.6364985163204, 1031.9358687546608, 1031.9358687546608, 1031.9358687546608, 480.05890804597703, 499.0861313868613, 1028.4484657749804, 470.65042536736274, 498.3764367816092, 802.6465517241379, 475.0204379562044], "iteration-2": [273.4282433983926, 454.32860343539954, 460.91648189209167, 461.9838235294118, 462.90976331360946, 480.05890804597703, 1031.9358687546608, 475.0204379562044, 1031.9358687546608, 475.0204379562044, 1031.9358687546608, 1031.9358687546608, 1031.9358687546608, 1031.9358687546608, 1031.9358687546608, 802.6465517241379, 802.6465517241379, 802.6465517241379, 802.6465517241379, 1031.9358687546608]}, {"iteration-0": [453.07423580786025, 286.3211009174312, 432.0242240726722, 589.4872944693573, 652.7806826434278, 492.9038317054846, 466.7893217893218, 436.41906202723146, 860.7690079652426, 570.955223880597, 648.9648866130212, 468.3780043699927, 593.9210134128167, 634.7961089494163, 477.25, 858.2743029389601, 860.1192727272727, 466.20348837209303, 590.1150971599402, 455.1826852531181], "iteration-1": [286.3211009174312, 432.0242240726722, 439.8328313253012, 453.07423580786025, 455.1826852531181, 468.3780043699927, 593.9210134128167, 583.4780635400907, 649.5543398978848, 591.3383010432191, 635.8787644787644, 598.0833942940747, 463.89543446244477, 466.7893217893218, 593.9210134128167, 468.3780043699927, 635.8787644787644, 468.3780043699927, 635.8787644787644, 468.3780043699927], "iteration-2": [286.3211009174312, 432.0242240726722, 439.8328313253012, 453.07423580786025, 455.1826852531181, 468.3780043699927, 635.8787644787644, 587.0022539444027, 635.8787644787644, 590.1746268656716, 635.8787644787644, 635.8787644787644, 463.89543446244477, 591.3383010432191, 593.9210134128167, 635.8787644787644, 463.89543446244477, 635.8787644787644, 593.9210134128167, 463.89543446244477]}], "average_error_per_layer": [{"iteration-0": 778029.35, "iteration-1": 945064.95, "iteration-2": 1011690.8}, {"iteration-0": 754938.95, "iteration-1": 691710.5, "iteration-2": 704048.85}], "max_height_per_layer": [{"iteration-2": "56"}, {"iteration-2": "62"}], "time_per_layer": [2024, 3703]}