{"packs_per_layer": [{"iteration-2": 920}, {"iteration-2": 883}], "best_error_per_layer": [274426.0, 250936.00000000003], "error_per_layer": [{"iteration-0": [643212.0, 274426.0, 1498582.0, 1457898.0000000002, 687022.0, 602098.0, 700476.0, 712530.0, 606757.0, 1520638.0, 1436606.0, 1476691.9999999998, 680172.0, 1462931.9999999998, 1414531.9999999998, 1501092.0, 1457202.0, 1428226.0, 609658.0, 1452950.0000000002], "iteration-1": [274426.0, 602098.0, 608170.0, 609658.0, 643212.0, 1457202.0, 712530.0, 1520638.0, 682316.0, 682352.0, 1457898.0000000002, 682316.0, 1457898.0000000002, 682316.0, 1423838.0, 1457898.0000000002, 1478342.0, 682316.0, 1428226.0, 1457202.0], "iteration-2": [274426.0, 602098.0, 608170.0, 609658.0, 643212.0, 682316.0, 1423838.0, 1520638.0, 1457898.0000000002, 1431584.0, 1363944.0, 1456270.0, 1362906.0, 1423838.0, 682316.0, 1457898.0000000002, 682316.0, 1478342.0, 1520638.0, 682352.0]}, {"iteration-0": [623538.0, 250936.00000000003, 656706.0, 606514.0, 1351385.0, 614581.0, 664950.0, 611500.0, 866304.0, 616354.0, 671730.0, 1376725.0, 631898.0, 604060.0, 609990.0, 647580.0, 624666.0, 619552.0, 623012.0, 1345888.0], "iteration-1": [250936.00000000003, 606514.0, 606888.0, 609990.0, 625250.0, 664950.0, 631898.0, 1313509.9999999998, 1331808.0, 1282475.0, 1268901.0, 1407052.0, 805628.0, 671730.0, 1349509.0, 867868.0, 649016.0, 649016.0, 623538.0, 867868.0], "iteration-2": [250936.00000000003, 606514.0, 606888.0, 609990.0, 625250.0, 631898.0, 649016.0, 623538.0, 805628.0, 620012.0, 1268901.0, 623538.0, 631898.0, 631898.0, 649016.0, 649016.0, 1316663.0, 649016.0, 1316663.0, 1268901.0]}], "error_per_layer_pct": [{"iteration-0": [463.4092219020173, 298.28913043478263, 1095.454678362573, 1044.339541547278, 501.1101385849745, 445.9985185185185, 501.77363896848135, 510.04294917680744, 451.1204460966543, 1095.5605187319884, 1041.773749093546, 1095.4688427299702, 497.20175438596493, 1043.4607703281026, 1040.8623988226636, 1115.224368499257, 1043.8409742120343, 1041.7403355215172, 452.2685459940653, 1043.78591954023], "iteration-1": [298.28913043478263, 445.9985185185185, 451.83506686478455, 452.2685459940653, 463.4092219020173, 1043.8409742120343, 510.04294917680744, 1095.5605187319884, 497.67760758570387, 497.7038657913931, 1044.339541547278, 497.67760758570387, 1044.339541547278, 497.67760758570387, 1040.8172514619882, 1044.339541547278, 1095.068148148148, 497.67760758570387, 1041.7403355215172, 1043.8409742120343], "iteration-2": [298.28913043478263, 445.9985185185185, 451.83506686478455, 452.2685459940653, 463.4092219020173, 497.67760758570387, 1040.8172514619882, 1095.5605187319884, 1044.339541547278, 1094.4831804281346, 1039.591463414634, 1094.9398496240601, 1039.5926773455378, 1040.8172514619882, 497.67760758570387, 1044.339541547278, 497.67760758570387, 1095.068148148148, 1095.5605187319884, 497.7038657913931]}, {"iteration-0": [470.5947169811321, 284.1857304643262, 494.8801808590806, 454.6581709145427, 1054.9453551912568, 462.438675696012, 486.07456140350877, 467.8653404743688, 646.9783420463032, 471.57918898240246, 478.44017094017096, 1054.9616858237548, 465.31516936671574, 455.2072343632253, 457.95045045045043, 483.62957430918595, 468.9684684684685, 474.75249042145595, 460.8076923076923, 1053.1205007824726], "iteration-1": [284.1857304643262, 454.6581709145427, 456.65011286681715, 457.95045045045043, 461.4391143911439, 486.07456140350877, 465.31516936671574, 1052.491987179487, 1053.6455696202531, 1052.0713699753896, 1051.285004142502, 1056.3453453453453, 628.9055425448868, 478.44017094017096, 1053.48087431694, 647.6626865671642, 484.3402985074627, 484.3402985074627, 470.5947169811321, 647.6626865671642], "iteration-2": [284.1857304643262, 454.6581709145427, 456.65011286681715, 457.95045045045043, 461.4391143911439, 465.31516936671574, 484.3402985074627, 470.5947169811321, 628.9055425448868, 469.7060606060606, 1051.285004142502, 470.5947169811321, 465.31516936671574, 465.31516936671574, 484.3402985074627, 484.3402985074627, 1052.488409272582, 484.3402985074627, 1052.488409272582, 1051.285004142502]}], "average_error_per_layer": [{"iteration-0": 1081185.05, "iteration-1": 1000042.6, "iteration-2": 1068232.9}, {"iteration-0": 730893.45, "iteration-1": 854217.25, "iteration-2": 751759.0}], "max_height_per_layer": [{"iteration-2": "63"}, {"iteration-2": "63"}], "time_per_layer": [2503, 1969]}