{"packs_per_layer": [{"iteration-2": 817}, {"iteration-2": 906}], "best_error_per_layer": [217272.0, 268940.0], "error_per_layer": [{"iteration-0": [892960.0, 213900.00000000003, 631806.0, 694633.0, 978696.0, 858702.0, 654670.0, 685332.0, 985966.0, 682072.0, 696979.0, 893154.0, 1396842.0, 861690.0, 635381.0, 895370.0, 716776.0, 857496.0, 663232.0, 924932.0], "iteration-1": [217272.0, 631806.0, 635381.0, 663232.0, 654670.0, 696979.0, 893154.0, 877254.0, 976528.0, 908796.0, 1388112.0, 892960.0, 1408200.0000000002, 1408200.0000000002, 682072.0, 892960.0, 892946.0, 892960.0, 985966.0, 892960.0], "iteration-2": [217272.0, 631806.0, 635381.0, 663232.0, 654670.0, 1408200.0000000002, 682072.0, 883208.0, 895036.0, 885492.0000000001, 892960.0, 897409.9999999999, 1388112.0, 1388112.0, 879026.0000000001, 893154.0, 892960.0, 908796.0, 1388112.0, 893154.0]}, {"iteration-0": [997516.0, 265010.0, 1390706.0, 1351914.0, 1386568.0, 1042980.9999999999, 619686.0, 686408.0, 1369370.0, 1040784.9999999999, 1363382.0, 1379510.0, 984726.0, 997115.0, 578918.0, 731860.0, 1372550.0, 1390860.0, 1369776.0, 993132.0000000001], "iteration-1": [268940.0, 578918.0, 627294.0, 689658.0, 741022.0, 1363382.0, 1044080.0, 984726.0, 1373994.0, 1373385.9999999998, 984726.0, 1373385.9999999998, 993132.0000000001, 993132.0000000001, 1044080.0, 1337602.0, 1326994.0, 1373994.0, 1375100.0, 1388116.0], "iteration-2": [268940.0, 578918.0, 627294.0, 689658.0, 741022.0, 984726.0, 993132.0000000001, 1373385.9999999998, 1373385.9999999998, 1373385.9999999998, 1373385.9999999998, 1409310.0, 1001918.0, 1044080.0, 1044080.0, 1373385.9999999998, 1373385.9999999998, 1373385.9999999998, 1373385.9999999998, 993132.0000000001]}], "error_per_layer_pct": [{"iteration-0": [666.3880597014926, 263.42364532019707, 480.82648401826486, 537.2258313998453, 727.6550185873606, 655.4977099236642, 495.9621212121212, 506.15361890694237, 730.3451851851852, 504.49112426035504, 506.15758896151056, 650.5127458120903, 1031.6410635155096, 659.7932618683002, 490.6416988416988, 665.7026022304833, 539.7409638554217, 644.7338345864662, 491.6471460340993, 671.7007988380537], "iteration-1": [265.9388004895961, 480.82648401826486, 490.6416988416988, 491.6471460340993, 495.9621212121212, 506.15758896151056, 650.5127458120903, 662.0784905660378, 728.7522388059701, 673.1822222222222, 1028.993328391401, 666.3880597014926, 1032.4046920821115, 1032.4046920821115, 504.49112426035504, 666.3880597014926, 666.3776119402985, 666.3880597014926, 730.3451851851852, 666.3880597014926], "iteration-2": [265.9388004895961, 480.82648401826486, 490.6416988416988, 491.6471460340993, 495.9621212121212, 1032.4046920821115, 504.49112426035504, 647.5131964809384, 667.9373134328358, 649.1876832844575, 666.3880597014926, 651.7138707334785, 1028.993328391401, 1028.993328391401, 662.415975885456, 650.5127458120903, 666.3880597014926, 673.1822222222222, 1028.993328391401, 650.5127458120903]}, {"iteration-0": [762.6269113149847, 294.1287458379578, 1039.3916292974588, 1039.1345119139123, 1022.542772861357, 765.2098312545854, 481.1226708074534, 505.82756079587324, 1038.9757207890743, 766.9749447310243, 1039.955758962624, 1039.5704596834967, 759.8194444444445, 760.5758962623951, 448.4260263361735, 539.3220338983051, 1039.810606060606, 1037.955223880597, 1037.709090909091, 763.9476923076924], "iteration-1": [296.84326710816777, 448.4260263361735, 484.77125193199385, 507.1014705882353, 542.475841874085, 1039.955758962624, 767.7058823529412, 759.8194444444445, 1039.3298033282904, 1038.084656084656, 759.8194444444445, 1038.084656084656, 763.9476923076924, 763.9476923076924, 767.7058823529412, 1037.7051978277734, 1036.7140625, 1039.3298033282904, 1040.1664145234492, 1022.9299926308032], "iteration-2": [296.84326710816777, 448.4260263361735, 484.77125193199385, 507.1014705882353, 542.475841874085, 759.8194444444445, 763.9476923076924, 1038.084656084656, 1038.084656084656, 1038.084656084656, 1038.084656084656, 1039.3141592920354, 760.1805766312594, 767.7058823529412, 767.7058823529412, 1038.084656084656, 1038.084656084656, 1038.084656084656, 1038.084656084656, 763.9476923076924]}], "average_error_per_layer": [{"iteration-0": 791029.45, "iteration-1": 874620.4, "iteration-2": 898908.25}, {"iteration-0": 1065638.65, "iteration-1": 1061783.1, "iteration-2": 1068164.9}], "max_height_per_layer": [{"iteration-2": "62"}, {"iteration-2": "65"}], "time_per_layer": [1849, 1684]}