{"packs_per_layer": [{"iteration-2": 826}, {"iteration-2": 888}], "best_error_per_layer": [227400.0, 256336.00000000003], "error_per_layer": [{"iteration-0": [574778.0, 227400.0, 649248.0, 788108.0, 796738.0000000001, 734504.0, 698640.0, 824696.0, 743010.0, 713522.0, 667326.0, 824133.0, 704436.0, 727882.0, 646324.0000000001, 582562.0, 707544.0000000001, 602075.0, 586323.0, 703086.0000000001], "iteration-1": [227400.0, 582562.0, 574778.0, 586323.0, 604427.0, 824696.0, 828311.0, 666762.0, 766089.0000000001, 790697.0, 675994.0, 613744.0, 645280.0, 708940.0000000001, 790697.0, 661140.0, 707358.0, 713522.0, 675994.0, 727882.0], "iteration-2": [227400.0, 582562.0, 574778.0, 586323.0, 604427.0, 652028.0, 713522.0, 571370.0, 656113.0, 613744.0, 790697.0, 676932.0, 790697.0, 790697.0, 708940.0000000001, 571400.0, 577664.0, 713522.0, 613744.0, 790697.0]}, {"iteration-0": [1061592.0, 256336.00000000003, 1119342.0, 885691.0, 914982.9999999999, 1045366.0, 819255.0, 1499489.0, 1071320.0, 788177.0, 1065754.0, 927605.0, 1253848.0, 1083588.0, 1043202.0000000001, 801211.0, 1296220.0, 919979.0, 1074458.0, 1197782.0], "iteration-1": [256336.00000000003, 788177.0, 801211.0, 819255.0, 885691.0, 1499489.0, 1045366.0, 1059988.0, 1045974.0, 1074730.0, 1120940.0, 1106614.0, 1043202.0000000001, 1120940.0, 921692.0, 1061592.0, 1074730.0, 1065754.0, 1074730.0, 1197782.0], "iteration-2": [256336.00000000003, 788177.0, 801211.0, 819255.0, 885691.0, 1061592.0, 1106614.0, 1074730.0, 1120940.0, 1074730.0, 1120940.0, 1074730.0, 1120940.0, 1120940.0, 1120940.0, 1043202.0000000001, 1044660.0, 1074730.0, 1045974.0, 1120940.0]}], "error_per_layer_pct": [{"iteration-0": [438.76183206106873, 275.3026634382567, 498.6543778801843, 616.6729264475744, 614.766975308642, 546.0996282527881, 530.4783599088838, 621.0060240963855, 545.1283932501834, 537.2906626506024, 522.5732184808144, 622.9274376417234, 538.14820473644, 539.9718100890208, 513.77106518283, 438.67620481927713, 537.239179954442, 448.3060312732688, 445.19589977220954, 537.1168831168832], "iteration-1": [275.3026634382567, 438.67620481927713, 438.76183206106873, 445.19589977220954, 449.3881040892193, 621.0060240963855, 624.1981914091937, 522.9505882352942, 607.5249801744648, 617.2498048399688, 525.2478632478633, 505.1390946502058, 514.9880287310455, 539.1178707224335, 617.2498048399688, 521.403785488959, 536.690440060698, 537.2906626506024, 525.2478632478633, 539.9718100890208], "iteration-2": [275.3026634382567, 438.67620481927713, 438.76183206106873, 445.19589977220954, 449.3881040892193, 517.4825396825397, 537.2906626506024, 498.1429816913688, 584.2502226179876, 505.1390946502058, 617.2498048399688, 530.0955364134691, 617.2498048399688, 617.2498048399688, 539.1178707224335, 497.302001740644, 497.12908777969017, 537.2906626506024, 505.1390946502058, 617.2498048399688]}, {"iteration-0": [778.2932551319648, 288.6666666666667, 792.1740976645435, 657.52858203415, 663.5119651921682, 775.4940652818991, 584.7644539614561, 1070.2990720913633, 779.1418181818182, 573.2196363636364, 781.3445747800587, 663.9978525411597, 887.3658881811748, 783.5054229934924, 774.4632516703787, 579.3282718727404, 893.9448275862069, 665.2053506869125, 781.424, 869.2177068214804], "iteration-1": [288.6666666666667, 573.2196363636364, 579.3282718727404, 584.7644539614561, 657.52858203415, 1070.2990720913633, 775.4940652818991, 775.4118507681053, 775.9451038575668, 779.9201741654572, 792.7439886845827, 789.3109843081312, 774.4632516703787, 792.7439886845827, 665.9624277456647, 778.2932551319648, 779.9201741654572, 781.3445747800587, 779.9201741654572, 869.2177068214804], "iteration-2": [288.6666666666667, 573.2196363636364, 579.3282718727404, 584.7644539614561, 657.52858203415, 778.2932551319648, 789.3109843081312, 779.9201741654572, 792.7439886845827, 779.9201741654572, 792.7439886845827, 779.9201741654572, 792.7439886845827, 792.7439886845827, 792.7439886845827, 774.4632516703787, 775.5456570155902, 779.9201741654572, 775.9451038575668, 792.7439886845827]}], "average_error_per_layer": [{"iteration-0": 675116.75, "iteration-1": 668629.8, "iteration-2": 640362.85}, {"iteration-0": 1006259.9, "iteration-1": 1003209.65, "iteration-2": 993863.6}], "max_height_per_layer": [{"iteration-2": "59"}, {"iteration-2": "59"}], "time_per_layer": [2015, 3068]}