{"packs_per_layer": [{"iteration-2": 840}, {"iteration-2": 854}], "best_error_per_layer": [228226.00000000003, 233880.00000000003], "error_per_layer": [{"iteration-0": [652772.0, 224925.99999999997, 746456.0, 1053367.0, 753118.9999999999, 728170.0, 1065531.0, 830358.0, 763392.0, 751034.0, 1357809.0, 1051183.0, 616473.0, 1012192.0, 791664.0, 1110398.0, 557781.0, 668699.0, 776321.9999999999, 810366.0000000001], "iteration-1": [228226.00000000003, 562930.0, 621496.0, 652772.0, 673610.0, 1053367.0, 753118.9999999999, 751034.0, 1058806.0, 782665.0, 1037542.0, 743596.0, 1058724.0, 746456.0, 776321.9999999999, 955971.0000000001, 920964.0, 753118.9999999999, 1053367.0, 751034.0], "iteration-2": [228226.00000000003, 562930.0, 621496.0, 652772.0, 673610.0, 782665.0, 1053367.0, 751034.0, 1037542.0, 753267.0, 1037542.0, 1037542.0, 744853.0, 744853.0, 955971.0000000001, 1037542.0, 1058724.0, 782665.0, 1037542.0, 1037542.0]}, {"iteration-0": [600218.0, 233038.0, 539375.0, 628660.0, 620078.0, 601292.0, 634242.0, 526638.0, 613620.0, 664251.0, 555716.0, 612510.0, 876670.0, 544405.0, 607248.0, 569356.0, 860018.0, 844704.0, 591738.0, 634972.0], "iteration-1": [233880.00000000003, 526638.0, 555716.0, 544405.0, 543802.0, 612510.0, 844704.0, 639784.0, 601070.0, 600218.0, 664251.0, 590338.0, 675578.0, 591738.0, 600218.0, 660307.0, 599070.0, 601292.0, 600218.0, 664251.0], "iteration-2": [233880.00000000003, 526638.0, 555716.0, 544405.0, 543802.0, 601292.0, 600218.0, 664187.0, 591794.0, 664241.0, 601070.0, 664475.0, 591748.0, 600218.0, 600218.0, 664251.0, 664525.0, 664251.0, 664251.0, 599070.0]}], "error_per_layer_pct": [{"iteration-0": [509.978125, 269.6954436450839, 587.7606299212598, 797.4012112036336, 587.9149102263856, 581.6054313099041, 819.0092236740968, 632.8948170731708, 590.8606811145511, 586.7453125, 1002.0730627306273, 795.7479182437547, 458.34423791821564, 790.775, 598.8381240544629, 822.5170370370371, 443.0349483717236, 514.7798306389531, 590.8082191780821, 600.2711111111112], "iteration-1": [271.69761904761907, 444.652448657188, 460.3674074074074, 509.978125, 516.5720858895705, 797.4012112036336, 587.9149102263856, 586.7453125, 797.2936746987951, 598.8255547054323, 793.2278287461774, 584.5880503144654, 797.2319277108434, 587.7606299212598, 590.8082191780821, 790.712158808933, 783.1326530612245, 587.9149102263856, 797.4012112036336, 586.7453125], "iteration-2": [271.69761904761907, 444.652448657188, 460.3674074074074, 509.978125, 516.5720858895705, 598.8255547054323, 797.4012112036336, 586.7453125, 793.2278287461774, 588.0304449648712, 793.2278287461774, 793.2278287461774, 585.1162608012569, 585.1162608012569, 790.712158808933, 793.2278287461774, 797.2319277108434, 598.8255547054323, 793.2278287461774, 793.2278287461774]}, {"iteration-0": [481.7158908507223, 273.1981242672919, 436.03476151980595, 494.2295597484277, 487.4827044025157, 482.57784911717494, 495.11475409836066, 415.6574585635359, 487.3868149324861, 527.6020651310564, 426.16257668711654, 486.50516282764096, 689.2059748427673, 432.4106433677522, 486.5769230769231, 444.1154446177847, 685.8197767145135, 683.4174757281553, 461.9344262295082, 496.071875], "iteration-1": [273.864168618267, 415.6574585635359, 426.16257668711654, 432.4106433677522, 436.438202247191, 486.50516282764096, 683.4174757281553, 497.1126651126651, 482.3996789727127, 481.7158908507223, 527.6020651310564, 478.3938411669368, 531.1147798742138, 461.9344262295082, 481.7158908507223, 525.3038981702466, 465.4778554778555, 482.57784911717494, 481.7158908507223, 527.6020651310564], "iteration-2": [273.864168618267, 415.6574585635359, 426.16257668711654, 432.4106433677522, 436.438202247191, 482.57784911717494, 481.7158908507223, 527.551231135822, 479.5737439222042, 527.594122319301, 482.3996789727127, 527.7799841143765, 479.53646677471636, 481.7158908507223, 481.7158908507223, 527.6020651310564, 527.8196981731533, 527.6020651310564, 527.6020651310564, 465.4778554778555]}], "average_error_per_layer": [{"iteration-0": 816100.6, "iteration-1": 796756.0, "iteration-2": 829584.25}, {"iteration-0": 617937.45, "iteration-1": 597499.4, "iteration-2": 592012.5}], "max_height_per_layer": [{"iteration-2": "63"}, {"iteration-2": "60"}], "time_per_layer": [2645, 1553]}