{"packs_per_layer": [{"iteration-2": 840}, {"iteration-2": 854}], "best_error_per_layer": [228226.00000000003, 233880.00000000003], "error_per_layer": [{"iteration-0": [517034.0, 224925.99999999997, 598336.0, 554986.0, 546600.0, 509422.0, 575918.0, 598706.0, 519158.0, 534090.0, 507323.99999999994, 528754.0, 560090.0, 537336.0, 560344.0, 563020.0, 536604.0, 531646.0, 536436.0, 541354.0], "iteration-1": [228226.00000000003, 513928.0, 519158.0, 520550.0, 517034.0, 554986.0, 541674.0, 587348.0, 603890.0, 553138.0, 572796.0, 587348.0, 563020.0, 563020.0, 560344.0, 545462.0, 576424.0, 541674.0, 587348.0, 560344.0], "iteration-2": [228226.00000000003, 519158.0, 513928.0, 517034.0, 520550.0, 576424.0, 563020.0, 554986.0, 560344.0, 558160.0, 587348.0, 555012.0, 587348.0, 587348.0, 545462.0, 554986.0, 555012.0, 603890.0, 560344.0, 560344.0]}, {"iteration-0": [491592.0, 233038.0, 518078.0, 524892.0, 534406.0, 512964.0, 522108.0, 522266.0, 528664.0, 529970.0, 533584.0, 516604.0, 515702.0, 520114.0, 510114.0, 529174.0, 498594.0, 508391.99999999994, 515267.99999999994, 496516.0], "iteration-1": [233880.00000000003, 491592.0, 496516.0, 498594.0, 510114.0, 512964.0, 529970.0, 513844.0, 520542.0, 515804.0, 520408.0, 512986.0, 520114.0, 520114.0, 522266.0, 500496.0, 522214.0, 512964.0, 512964.0, 520114.0], "iteration-2": [233880.00000000003, 491592.0, 496516.0, 501702.0, 498594.0, 512986.0, 522266.0, 510114.0, 512964.0, 535850.0, 483130.0, 524832.0, 508502.0, 512964.0, 512986.0, 495718.0, 515494.0, 510114.0, 510114.0, 512964.0]}], "error_per_layer_pct": [{"iteration-0": [412.6368715083799, 269.6954436450839, 441.5763837638376, 424.62586074980874, 420.46153846153845, 409.174297188755, 435.3121693121693, 437.9707388441843, 410.07740916271723, 417.2578125, 411.45498783454985, 415.687106918239, 423.9894019682059, 417.18633540372673, 428.3975535168196, 430.4434250764526, 418.89461358313815, 415.024199843872, 418.76346604215456, 419.0046439628483], "iteration-1": [271.69761904761907, 411.47157726180944, 410.07740916271723, 416.773418734988, 412.6368715083799, 424.62586074980874, 420.8811188811189, 437.99254287844894, 442.73460410557186, 425.8183217859892, 433.6078728236185, 437.99254287844894, 430.4434250764526, 430.4434250764526, 428.3975535168196, 422.1842105263158, 436.3542770628312, 420.8811188811189, 437.99254287844894, 428.3975535168196], "iteration-2": [271.69761904761907, 410.07740916271723, 411.47157726180944, 412.6368715083799, 416.773418734988, 436.3542770628312, 430.4434250764526, 424.62586074980874, 428.3975535168196, 426.0763358778626, 437.99254287844894, 424.64575363427696, 437.99254287844894, 437.99254287844894, 422.1842105263158, 424.62586074980874, 424.64575363427696, 442.73460410557186, 428.3975535168196, 428.3975535168196]}, {"iteration-0": [397.7281553398058, 273.1981242672919, 408.9013417521705, 413.9526813880126, 421.123719464145, 407.43764892772043, 411.4326241134752, 410.5864779874214, 410.7723387723388, 413.39313572542903, 416.2121684867395, 410.32883240667195, 409.6123907863384, 410.1845425867508, 405.81861575179, 417.0007880220646, 404.04700162074556, 408.01926163723914, 409.91885441527444, 401.7119741100324], "iteration-1": [273.864168618267, 397.7281553398058, 401.7119741100324, 404.04700162074556, 405.81861575179, 407.43764892772043, 413.39313572542903, 408.1366163621922, 410.1985815602837, 409.69340746624306, 410.0929866036249, 407.4551231135822, 410.1845425867508, 410.1845425867508, 410.5864779874214, 402.0048192771084, 411.51615445232466, 407.43764892772043, 407.43764892772043, 410.1845425867508], "iteration-2": [273.864168618267, 397.7281553398058, 401.7119741100324, 402.6500802568218, 404.04700162074556, 407.4551231135822, 410.5864779874214, 405.81861575179, 407.43764892772043, 417.97971918876755, 394.7140522875817, 412.60377358490564, 404.85828025477707, 407.43764892772043, 407.4551231135822, 401.7163695299838, 406.8618784530387, 405.81861575179, 405.81861575179, 407.43764892772043]}], "average_error_per_layer": [{"iteration-0": 529104.2, "iteration-1": 539885.6, "iteration-2": 540446.2}, {"iteration-0": 503102.0, "iteration-1": 499423.0, "iteration-2": 495164.1}], "max_height_per_layer": [{"iteration-2": "63"}, {"iteration-2": "60"}], "time_per_layer": [1892, 1536]}