{"packs_per_layer": [{"iteration-2": 817}, {"iteration-2": 906}], "best_error_per_layer": [217272.0, 268940.0], "error_per_layer": [{"iteration-0": [567082.0, 213900.00000000003, 596660.0, 569680.0, 571714.0, 576718.0, 570608.0, 556382.0, 580898.0, 559754.0, 562430.0, 599596.0, 547558.0, 578530.0, 596986.0, 580238.0, 613992.0, 578158.0, 566146.0, 576686.0], "iteration-1": [217272.0, 547558.0, 557572.0, 559754.0, 562430.0, 567082.0, 576686.0, 595940.0, 596986.0, 595940.0, 596986.0, 609012.0, 592068.0, 578158.0, 595940.0, 582738.0, 587678.0, 569680.0, 596986.0, 569680.0], "iteration-2": [217272.0, 547558.0, 557572.0, 559754.0, 562430.0, 576686.0, 595940.0, 569680.0, 609012.0, 569680.0, 609012.0, 589304.0, 570972.0, 569680.0, 595940.0, 609012.0, 569680.0, 609012.0, 569680.0, 609012.0]}, {"iteration-0": [577872.0, 265010.0, 621058.0, 580174.0, 603212.0, 642268.0, 613586.0, 580504.0, 622968.0, 572086.0, 607150.0, 598972.0, 580138.0, 596176.0, 588424.0, 587334.0, 620156.0, 574834.0, 576000.0, 583012.0], "iteration-1": [268940.0, 574834.0, 572086.0, 579372.0, 577872.0, 598972.0, 613586.0, 583012.0, 609974.0, 583012.0, 609974.0, 574174.0, 609974.0, 583012.0, 625464.0, 609974.0, 580138.0, 644812.0, 609974.0, 580138.0], "iteration-2": [268940.0, 574834.0, 572086.0, 575450.0, 577872.0, 583012.0, 583012.0, 581582.0, 584092.0, 591446.0, 604272.0, 579372.0, 613586.0, 609974.0, 583012.0, 580138.0, 598972.0, 598972.0, 580138.0, 583012.0]}], "error_per_layer_pct": [{"iteration-0": [428.6334089191232, 263.42364532019707, 440.66469719350073, 425.13432835820896, 426.65223880597017, 426.5665680473373, 429.99849284099474, 419.9109433962264, 429.6582840236686, 420.8676691729323, 423.83571966842504, 442.8330871491876, 416.71080669710807, 427.274741506647, 441.23133776792315, 433.0134328358209, 444.59956553222304, 431.46119402985073, 427.9259259259259, 430.3626865671642], "iteration-1": [265.9388004895961, 416.71080669710807, 420.1748304446119, 420.8676691729323, 423.83571966842504, 428.6334089191232, 430.3626865671642, 432.7814088598402, 441.23133776792315, 432.7814088598402, 441.23133776792315, 442.27450980392155, 434.0674486803519, 431.46119402985073, 432.7814088598402, 433.2624535315985, 434.6730769230769, 425.13432835820896, 441.23133776792315, 425.13432835820896], "iteration-2": [265.9388004895961, 416.71080669710807, 420.1748304446119, 420.8676691729323, 423.83571966842504, 430.3626865671642, 432.7814088598402, 425.13432835820896, 442.27450980392155, 425.13432835820896, 442.27450980392155, 435.55358462675537, 426.09850746268654, 425.13432835820896, 432.7814088598402, 442.27450980392155, 425.13432835820896, 442.27450980392155, 425.13432835820896, 442.27450980392155]}, {"iteration-0": [442.1361897475134, 294.1287458379578, 459.36242603550295, 443.89747513389443, 449.48733233979135, 470.8709677419355, 458.5844544095665, 446.19830899308226, 459.0773765659543, 440.06615384615384, 453.0970149253731, 447.6621823617339, 442.51563691838294, 450.96520423600606, 448.83600305110605, 449.37566947207347, 458.6952662721894, 438.4698703279939, 441.7177914110429, 445.72782874617735], "iteration-1": [296.84326710816777, 438.4698703279939, 440.06615384615384, 443.28385615914306, 442.1361897475134, 447.6621823617339, 458.5844544095665, 445.72782874617735, 454.1876396128072, 445.72782874617735, 454.1876396128072, 442.0123171670516, 454.1876396128072, 445.72782874617735, 460.91672807663963, 454.1876396128072, 442.51563691838294, 472.04392386530014, 454.1876396128072, 442.51563691838294], "iteration-2": [296.84326710816777, 438.4698703279939, 440.06615384615384, 442.65384615384613, 442.1361897475134, 445.72782874617735, 445.72782874617735, 443.61708619374525, 445.53165522501905, 448.74506828528075, 450.9492537313433, 443.28385615914306, 458.5844544095665, 454.1876396128072, 445.72782874617735, 442.51563691838294, 447.6621823617339, 447.6621823617339, 442.51563691838294, 445.72782874617735]}], "average_error_per_layer": [{"iteration-0": 558185.8, "iteration-1": 562807.3, "iteration-2": 563344.4}, {"iteration-0": 579546.7, "iteration-1": 579464.7, "iteration-2": 571188.7}], "max_height_per_layer": [{"iteration-2": "62"}, {"iteration-2": "65"}], "time_per_layer": [1711, 4230]}