{"packs_per_layer": [{"iteration-2": 871}, {"iteration-2": 872}], "best_error_per_layer": [238155.99999999997, 249672.0], "error_per_layer": [{"iteration-0": [613708.0, 238155.99999999997, 575260.0, 610482.0, 607432.0, 587152.0, 590998.0, 548846.0, 589964.0, 594330.0, 579596.0, 577196.0, 599884.0, 577510.0, 627856.0, 564434.0, 593112.0, 624874.0, 594220.0, 601800.0], "iteration-1": [238155.99999999997, 548846.0, 564434.0, 575260.0, 580896.0, 621208.0, 602210.0, 593240.0, 591318.0, 592810.0, 593682.0, 599338.0, 603082.0, 591318.0, 624874.0, 593682.0, 592672.0, 624874.0, 593682.0, 593682.0], "iteration-2": [238155.99999999997, 548846.0, 564434.0, 575260.0, 580896.0, 591318.0, 592672.0, 593240.0, 624874.0, 611192.0, 596072.0, 593750.0, 624874.0, 603082.0, 603082.0, 593240.0, 592810.0, 593240.0, 593682.0, 593682.0]}, {"iteration-0": [601334.0, 249672.0, 568528.0, 574846.0, 579814.0, 531860.0, 548168.0, 564352.0, 582496.0, 548880.0, 583366.0, 622460.0, 579356.0, 563866.0, 579790.0, 618326.0, 642104.0, 615072.0, 631054.0, 614566.0], "iteration-1": [249672.0, 533130.0, 559174.0, 548168.0, 572114.0, 615072.0, 601334.0, 573320.0, 587978.0, 586540.0, 574846.0, 585198.0, 574846.0, 601334.0, 574846.0, 585198.0, 583366.0, 579356.0, 585198.0, 583366.0], "iteration-2": [249672.0, 533130.0, 559174.0, 548168.0, 572114.0, 587978.0, 573320.0, 615072.0, 585198.0, 598492.0, 601386.0, 615072.0, 585198.0, 574846.0, 573320.0, 615072.0, 585198.0, 586540.0, 585198.0, 585198.0]}], "error_per_layer_pct": [{"iteration-0": [447.96204379562045, 273.4282433983926, 428.97837434750187, 443.9869090909091, 442.734693877551, 432.68386145910097, 439.0772659732541, 415.79242424242426, 436.68689859363434, 437.97347089167283, 430.28656273199704, 432.3565543071161, 437.2332361516035, 432.5917602996255, 453.9812002892263, 422.79700374531836, 435.791329904482, 447.61747851002866, 434.6891002194587, 441.52604548789435], "iteration-1": [273.4282433983926, 415.79242424242426, 422.79700374531836, 428.97837434750187, 430.9317507418398, 448.5256317689531, 441.8268525311812, 438.7869822485207, 437.36538461538464, 438.14486326681447, 440.41691394658756, 443.2973372781065, 442.4666177549523, 437.36538461538464, 447.61747851002866, 440.41691394658756, 438.36686390532543, 447.61747851002866, 440.41691394658756, 440.41691394658756], "iteration-2": [273.4282433983926, 415.79242424242426, 422.79700374531836, 428.97837434750187, 430.9317507418398, 437.36538461538464, 438.36686390532543, 438.7869822485207, 447.61747851002866, 447.104608632041, 436.04389173372346, 439.16420118343194, 447.61747851002866, 442.4666177549523, 442.4666177549523, 438.7869822485207, 438.14486326681447, 438.7869822485207, 440.41691394658756, 440.41691394658756]}, {"iteration-0": [441.1841526045488, 286.3211009174312, 429.40181268882174, 435.15972747918244, 436.9359457422758, 417.4725274725275, 423.2957528957529, 432.12251148545175, 435.34828101644246, 419.31245225362875, 438.2915101427498, 450.73135409123825, 436.59080633006784, 430.7608861726509, 438.9023467070401, 452.32333577176297, 463.6129963898917, 447.65065502183404, 455.3059163059163, 446.63226744186045], "iteration-1": [286.3211009174312, 418.1411764705882, 422.97579425113463, 423.2957528957529, 431.1333835719668, 447.65065502183404, 441.1841526045488, 434.00454201362606, 438.13561847988075, 437.06408345752607, 435.15972747918244, 436.71492537313435, 435.15972747918244, 441.1841526045488, 435.15972747918244, 436.71492537313435, 438.2915101427498, 436.59080633006784, 436.71492537313435, 438.2915101427498], "iteration-2": [286.3211009174312, 418.1411764705882, 422.97579425113463, 423.2957528957529, 431.1333835719668, 438.13561847988075, 434.00454201362606, 447.65065502183404, 436.71492537313435, 440.71575846833576, 442.8468335787923, 447.65065502183404, 436.71492537313435, 435.15972747918244, 434.00454201362606, 447.65065502183404, 436.71492537313435, 437.06408345752607, 436.71492537313435, 436.71492537313435]}], "average_error_per_layer": [{"iteration-0": 574840.5, "iteration-1": 575963.2, "iteration-2": 575420.1}, {"iteration-0": 569995.5, "iteration-1": 562702.8, "iteration-2": 566467.3}], "max_height_per_layer": [{"iteration-2": "56"}, {"iteration-2": "62"}], "time_per_layer": [1939, 2135]}