{"packs_per_layer": [{"iteration-2": 826}, {"iteration-2": 888}], "best_error_per_layer": [227400.0, 256336.00000000003], "error_per_layer": [{"iteration-0": [552354.0, 227400.0, 536022.0, 559646.0, 603670.0, 604116.0, 570674.0, 609176.0, 569402.0, 578696.0, 542890.0, 570796.0, 575216.0, 572298.0, 537792.0, 564646.0, 575726.0, 580800.0, 538314.0, 558378.0], "iteration-1": [227400.0, 539222.0, 538314.0, 548184.0, 537792.0, 569402.0, 570674.0, 581630.0, 572298.0, 575970.0, 565070.0, 581424.0, 564646.0, 564646.0, 564646.0, 581630.0, 575726.0, 581630.0, 575726.0, 570674.0], "iteration-2": [227400.0, 538314.0, 539222.0, 537792.0, 548184.0, 564646.0, 581630.0, 565070.0, 575726.0, 565106.0, 575726.0, 568514.0, 577064.0, 564646.0, 565070.0, 575726.0, 570674.0, 581630.0, 575726.0, 570674.0]}, {"iteration-0": [598482.0, 256336.00000000003, 604956.0, 615184.0, 622616.0, 611892.0, 614662.0, 637738.0, 632496.0, 649098.0, 653680.0, 616232.0, 612456.0, 634764.0, 615942.0, 636642.0, 630468.0, 621372.0, 585954.0, 617456.0], "iteration-1": [256336.00000000003, 594540.0, 604956.0, 598482.0, 612456.0, 637738.0, 616232.0, 611892.0, 649098.0, 611892.0, 634764.0, 611892.0, 634764.0, 632496.0, 636642.0, 634764.0, 615942.0, 615942.0, 632496.0, 615942.0], "iteration-2": [256336.00000000003, 604956.0, 598482.0, 594540.0, 612456.0, 637738.0, 634764.0, 634764.0, 634764.0, 634728.0, 634764.0, 634764.0, 634764.0, 632496.0, 634764.0, 615942.0, 611892.0, 616232.0, 634764.0, 611892.0]}], "error_per_layer_pct": [{"iteration-0": [426.1990740740741, 275.3026634382567, 419.7509788566954, 431.82561728395063, 447.82640949554894, 443.2252384446075, 435.9618029029794, 446.9376375641966, 434.99006875477465, 434.45645645645646, 423.8017174082748, 433.4062262718299, 439.43162719633307, 434.54669703872435, 424.7962085308057, 429.38859315589355, 437.8144486692015, 441.002277904328, 420.2295081967213, 430.84722222222223], "iteration-1": [275.3026634382567, 420.9383294301327, 420.2295081967213, 425.93939393939394, 424.7962085308057, 434.99006875477465, 435.9618029029794, 435.67790262172286, 434.54669703872435, 436.34090909090907, 429.05846621108583, 435.523595505618, 429.38859315589355, 429.38859315589355, 429.38859315589355, 435.67790262172286, 437.8144486692015, 435.67790262172286, 437.8144486692015, 435.9618029029794], "iteration-2": [275.3026634382567, 420.2295081967213, 420.9383294301327, 424.7962085308057, 425.93939393939394, 429.38859315589355, 435.67790262172286, 429.05846621108583, 437.8144486692015, 429.085801063022, 437.8144486692015, 432.3300380228137, 440.84339190221544, 429.38859315589355, 429.05846621108583, 437.8144486692015, 435.9618029029794, 435.67790262172286, 437.8144486692015, 435.9618029029794]}, {"iteration-0": [443.97774480712167, 288.6666666666667, 443.51612903225805, 450.0248719824433, 451.49818709209575, 448.6011730205279, 450.63196480938416, 455.20199857244825, 455.3606911447084, 463.3104925053533, 466.5810135617416, 448.82155863073564, 448.3572474377745, 459.3082489146165, 449.592700729927, 460.6671490593343, 456.1997105643994, 451.9069090909091, 441.89592760180994, 450.36907366885487], "iteration-1": [288.6666666666667, 444.68212415856397, 443.51612903225805, 443.97774480712167, 448.3572474377745, 455.20199857244825, 448.82155863073564, 448.6011730205279, 463.3104925053533, 448.6011730205279, 459.3082489146165, 448.6011730205279, 459.3082489146165, 455.3606911447084, 460.6671490593343, 459.3082489146165, 449.592700729927, 449.592700729927, 455.3606911447084, 449.592700729927], "iteration-2": [288.6666666666667, 443.51612903225805, 443.97774480712167, 444.68212415856397, 448.3572474377745, 455.20199857244825, 459.3082489146165, 459.3082489146165, 459.3082489146165, 459.2821997105644, 459.3082489146165, 459.3082489146165, 459.3082489146165, 455.3606911447084, 459.3082489146165, 449.592700729927, 448.6011730205279, 448.82155863073564, 459.3082489146165, 448.6011730205279]}], "average_error_per_layer": [{"iteration-0": 551400.6, "iteration-1": 549335.2, "iteration-2": 548427.0}, {"iteration-0": 603421.3, "iteration-1": 602963.3, "iteration-2": 605290.1}], "max_height_per_layer": [{"iteration-2": "59"}, {"iteration-2": "59"}], "time_per_layer": [2868, 2616]}