{"packs_per_layer": [{"iteration-2": 920}, {"iteration-2": 883}], "best_error_per_layer": [274426.0, 250936.00000000003], "error_per_layer": [{"iteration-0": [635650.0, 274426.0, 625344.0, 630374.0, 619300.0, 584542.0, 628712.0, 623664.0, 648730.0, 651402.0, 595948.0, 597142.0, 644060.0, 584476.0, 558874.0, 598312.0, 632634.0, 567334.0, 644144.0, 657058.0], "iteration-1": [274426.0, 558874.0, 567334.0, 584542.0, 584476.0, 648730.0, 595948.0, 644144.0, 635650.0, 644144.0, 634772.0, 668774.0, 617016.0, 635650.0, 635650.0, 651402.0, 619092.0, 630638.0, 619300.0, 644060.0], "iteration-2": [274426.0, 558874.0, 567334.0, 584542.0, 584476.0, 644144.0, 644144.0, 645340.0, 598786.0, 619614.0, 644144.0, 619092.0, 644144.0, 619092.0, 644144.0, 644144.0, 595948.0, 635650.0, 644144.0, 644144.0]}, {"iteration-0": [575038.0, 250936.00000000003, 595986.0, 563068.0, 533660.0, 536888.0, 553686.0, 605434.0, 581794.0, 602436.0, 601412.0, 598846.0, 567512.0, 519956.0, 624630.0, 572762.0, 596662.0, 594304.0, 529696.0, 567538.0], "iteration-1": [250936.00000000003, 519956.0, 532602.0, 533660.0, 536888.0, 596662.0, 568830.0, 589836.0, 589348.0, 602754.0, 581794.0, 587324.0, 586472.0, 601412.0, 569940.0, 581794.0, 572790.0, 581794.0, 625984.0, 572762.0], "iteration-2": [250936.00000000003, 519956.0, 532602.0, 533660.0, 536888.0, 601412.0, 572762.0, 586472.0, 602754.0, 573082.0, 608774.0, 566000.0, 598508.0, 569940.0, 589836.0, 542426.0, 595352.0, 572762.0, 586472.0, 587324.0]}], "error_per_layer_pct": [{"iteration-0": [456.6451149425287, 298.28913043478263, 456.1225382932166, 457.12400290065267, 451.71407731582786, 434.9270833333333, 450.04438081603433, 450.6242774566474, 462.05840455840456, 463.96153846153845, 442.75482912332836, 444.3020833333333, 461.0307802433787, 435.2017870439315, 425.9710365853659, 442.2113821138211, 455.1323741007194, 431.4326996197719, 461.4212034383954, 467.65693950177933], "iteration-1": [298.28913043478263, 425.9710365853659, 431.4326996197719, 434.9270833333333, 435.2017870439315, 462.05840455840456, 442.75482912332836, 461.4212034383954, 456.6451149425287, 461.4212034383954, 456.014367816092, 468.00139958012596, 450.0481400437637, 456.6451149425287, 456.6451149425287, 463.96153846153845, 451.56236323851203, 458.3125, 451.71407731582786, 461.0307802433787], "iteration-2": [298.28913043478263, 425.9710365853659, 431.4326996197719, 434.9270833333333, 435.2017870439315, 461.4212034383954, 461.4212034383954, 462.27793696275074, 444.8632986627043, 451.9431072210066, 461.4212034383954, 451.56236323851203, 461.4212034383954, 451.56236323851203, 461.4212034383954, 461.4212034383954, 442.75482912332836, 456.6451149425287, 461.4212034383954, 461.4212034383954]}, {"iteration-0": [436.2959028831563, 284.1857304643262, 445.76364996260287, 433.79661016949154, 418.22884012539186, 423.41324921135646, 431.8923556942278, 446.8147601476015, 438.42803315749813, 445.5887573964497, 445.16062176165804, 444.24777448071217, 434.87509578544064, 412.0095087163233, 457.6043956043956, 433.9106060606061, 444.60655737704917, 447.51807228915663, 416.1005498821681, 434.2295332823259], "iteration-1": [284.1857304643262, 412.0095087163233, 417.3996865203762, 418.22884012539186, 423.41324921135646, 444.60655737704917, 434.88532110091745, 442.1559220389805, 440.14040328603437, 445.8239644970414, 438.42803315749813, 441.92927012791574, 441.95327807083646, 445.16062176165804, 436.735632183908, 438.42803315749813, 433.9318181818182, 438.42803315749813, 458.2606149341142, 433.9106060606061], "iteration-2": [284.1857304643262, 412.0095087163233, 417.3996865203762, 418.22884012539186, 423.41324921135646, 445.16062176165804, 433.9106060606061, 441.95327807083646, 445.8239644970414, 434.81183611532623, 449.279704797048, 432.7217125382263, 445.9821162444113, 436.735632183908, 442.1559220389805, 423.10920436817474, 447.9699021820918, 433.9106060606061, 441.95327807083646, 441.92927012791574]}], "average_error_per_layer": [{"iteration-0": 600106.3, "iteration-1": 604731.1, "iteration-2": 602816.3}, {"iteration-0": 558612.2, "iteration-1": 559176.9, "iteration-2": 556395.9}], "max_height_per_layer": [{"iteration-2": "63"}, {"iteration-2": "63"}], "time_per_layer": [2034, 2046]}